identifiant,nom_categorie,type_cat,url,id_parent
1,Bricolage,CAT,https://www.lamaison.fr/bricolage.html,
1,Outillage,S_CAT,https://www.lamaison.fr/bricolage/outillage.html,1
1,Outil électroportatif,PAGE_LIST,https://www.lamaison.fr/bricolage/outillage/outil-electroportatif.html,1
2,Outillage à main,PAGE_LIST,https://www.lamaison.fr/bricolage/outillage/outillage-a-main.html,1
3,Machine d'atelier,PAGE_LIST,https://www.lamaison.fr/bricolage/outillage/machine-d-atelier.html,1
4,Matériel de chantier,PAGE_LIST,https://www.lamaison.fr/bricolage/outillage/materiel-de-chantier.html,1
5,Matériel de nettoyage,PAGE_LIST,https://www.lamaison.fr/bricolage/outillage/materiel-de-nettoyage.html,1
2,Echelle et brouette,S_CAT,https://www.lamaison.fr/bricolage/echelle-et-brouette.html,1
6,Echelle,PAGE_LIST,https://www.lamaison.fr/bricolage/echelle-et-brouette/echelle.html,2
7,Escabeau,PAGE_LIST,https://www.lamaison.fr/bricolage/echelle-et-brouette/escabeau.html,2
8,Echafaudage,PAGE_LIST,https://www.lamaison.fr/bricolage/echelle-et-brouette/echafaudage.html,2
9,Brouette,PAGE_LIST,https://www.lamaison.fr/bricolage/echelle-et-brouette/brouette.html,2
10,"Diable, chariot de manutention",PAGE_LIST,https://www.lamaison.fr/bricolage/echelle-et-brouette/diable-chariot-de-manutention.html,2
3,"Electricité, Domotique et Sécurité",S_CAT,https://www.lamaison.fr/bricolage/electricite-domotique-et-securite.html,1
11,Eclairage,PAGE_LIST,https://www.lamaison.fr/bricolage/electricite-domotique-et-securite/eclairage.html,3
12,"Énergie solaire, photovoltaïque",PAGE_LIST,https://www.lamaison.fr/bricolage/electricite-domotique-et-securite/energie-solaire-photovoltaique.html,3
13,"Pile, ampoule",PAGE_LIST,https://www.lamaison.fr/bricolage/electricite-domotique-et-securite/pile-ampoule.html,3
14,"Multiprise, enrouleur, rallonge",PAGE_LIST,https://www.lamaison.fr/bricolage/electricite-domotique-et-securite/multiprise-enrouleur-rallonge.html,3
15,"Douille, fiche",PAGE_LIST,https://www.lamaison.fr/bricolage/electricite-domotique-et-securite/douille-fiche.html,3
16,"Câble, gaine, moulure",PAGE_LIST,https://www.lamaison.fr/bricolage/electricite-domotique-et-securite/cable-gaine-moulure.html,3
17,"Appareillage, boîte",PAGE_LIST,https://www.lamaison.fr/bricolage/electricite-domotique-et-securite/appareillage-boite.html,3
18,Accessoire électrique,PAGE_LIST,https://www.lamaison.fr/bricolage/electricite-domotique-et-securite/accessoire-electrique.html,3
19,Outil de l'électricien,PAGE_LIST,https://www.lamaison.fr/bricolage/electricite-domotique-et-securite/outil-de-l-electricien.html,3
20,"Caméra, alarme, surveillance",PAGE_LIST,https://www.lamaison.fr/bricolage/electricite-domotique-et-securite/camera-alarme-surveillance.html,3
21,"Domotique, objet connecté",PAGE_LIST,https://www.lamaison.fr/bricolage/electricite-domotique-et-securite/domotique-objet-connecte.html,3
22,"Accessoire TV, téléphonie, informatique",PAGE_LIST,https://www.lamaison.fr/bricolage/electricite-domotique-et-securite/accessoire-tv-telephonie-informatique.html,3
4,Plomberie,S_CAT,https://www.lamaison.fr/bricolage/plomberie.html,1
23,Robinetterie,PAGE_LIST,https://www.lamaison.fr/bricolage/plomberie/robinetterie.html,4
24,Sanitaire,PAGE_LIST,https://www.lamaison.fr/bricolage/plomberie/sanitaire.html,4
25,"Chauffe-eau, ballon d'eau chaude",PAGE_LIST,https://www.lamaison.fr/bricolage/plomberie/chauffe-eau-ballon-d-eau-chaude.html,4
26,"Tube, raccord",PAGE_LIST,https://www.lamaison.fr/bricolage/plomberie/tube-raccord.html,4
27,"Evacuation, traitement de l'eau",PAGE_LIST,https://www.lamaison.fr/bricolage/plomberie/evacuation-traitement-de-l-eau.html,4
28,Accessoire d'étanchéité,PAGE_LIST,https://www.lamaison.fr/bricolage/plomberie/accessoire-d-etancheite.html,4
29,Outil du plombier,PAGE_LIST,https://www.lamaison.fr/bricolage/plomberie/outil-du-plombier.html,4
5,Chauffage,S_CAT,https://www.lamaison.fr/bricolage/chauffage.html,1
30,"Chauffage d'appoint, radiateur électrique",PAGE_LIST,https://www.lamaison.fr/bricolage/chauffage/chauffage-d-appoint-radiateur-electrique.html,5
31,"Cheminée, poêle",PAGE_LIST,https://www.lamaison.fr/bricolage/chauffage/cheminee-poele.html,5
32,"Allumage, bois de chauffage, granulés",PAGE_LIST,https://www.lamaison.fr/bricolage/chauffage/allumage-bois-de-chauffage-granules.html,5
33,Entretien cheminée et poêle,PAGE_LIST,https://www.lamaison.fr/bricolage/chauffage/entretien-cheminee-et-poele.html,5
34,Accessoire cheminée et poêle,PAGE_LIST,https://www.lamaison.fr/bricolage/chauffage/accessoire-cheminee-et-poele.html,5
35,Climatisation et filtration de l'air,PAGE_LIST,https://www.lamaison.fr/bricolage/chauffage/climatisation-et-filtration-de-l-air.html,5
6,Quincaillerie,S_CAT,https://www.lamaison.fr/bricolage/quincaillerie.html,1
36,"Visserie, boulonnerie, clouterie",PAGE_LIST,https://www.lamaison.fr/bricolage/quincaillerie/visserie-boulonnerie-clouterie.html,6
37,"Cheville, crochet, piton",PAGE_LIST,https://www.lamaison.fr/bricolage/quincaillerie/cheville-crochet-piton.html,6
38,"Verrou, serrure",PAGE_LIST,https://www.lamaison.fr/bricolage/quincaillerie/verrou-serrure.html,6
39,"Roue, roulette",PAGE_LIST,https://www.lamaison.fr/bricolage/quincaillerie/roue-roulette.html,6
40,Quincaillerie de bâtiment,PAGE_LIST,https://www.lamaison.fr/bricolage/quincaillerie/quincaillerie-de-batiment.html,6
41,Boîte aux lettres et signalétique,PAGE_LIST,https://www.lamaison.fr/bricolage/quincaillerie/boite-aux-lettres-et-signaletique.html,6
42,Quincaillerie d'ameublement,PAGE_LIST,https://www.lamaison.fr/bricolage/quincaillerie/quincaillerie-d-ameublement.html,6
43,Arrimage et cordage,PAGE_LIST,https://www.lamaison.fr/bricolage/quincaillerie/arrimage-et-cordage.html,6
7,Peinture et renovation,S_CAT,https://www.lamaison.fr/bricolage/peinture-et-renovation.html,1
44,Peinture intérieure,PAGE_LIST,https://www.lamaison.fr/bricolage/peinture-et-renovation/peinture-interieure.html,7
45,Peinture extérieure,PAGE_LIST,https://www.lamaison.fr/bricolage/peinture-et-renovation/peinture-exterieure.html,7
46,Rénovation,PAGE_LIST,https://www.lamaison.fr/bricolage/peinture-et-renovation/renovation.html,7
47,Entretien du bois,PAGE_LIST,https://www.lamaison.fr/bricolage/peinture-et-renovation/entretien-du-bois.html,7
48,Outil du peintre,PAGE_LIST,https://www.lamaison.fr/bricolage/peinture-et-renovation/outil-du-peintre.html,7
8,Consommables et accessoires,S_CAT,https://www.lamaison.fr/bricolage/consommables-et-accessoires.html,1
49,"Foret, lame, disque",PAGE_LIST,https://www.lamaison.fr/bricolage/consommables-et-accessoires/foret-lame-disque.html,8
50,"Scie cloche, trépan, fraise",PAGE_LIST,https://www.lamaison.fr/bricolage/consommables-et-accessoires/scie-cloche-trepan-fraise.html,8
51,Embout de vissage,PAGE_LIST,https://www.lamaison.fr/bricolage/consommables-et-accessoires/embout-de-vissage.html,8
52,"Huile, graisse, lubrifiant",PAGE_LIST,https://www.lamaison.fr/bricolage/consommables-et-accessoires/huile-graisse-lubrifiant.html,8
53,"Abrasif, brosse",PAGE_LIST,https://www.lamaison.fr/bricolage/consommables-et-accessoires/abrasif-brosse.html,8
54,"Ruban, adhésif, colle",PAGE_LIST,https://www.lamaison.fr/bricolage/consommables-et-accessoires/ruban-adhesif-colle.html,8
55,"Silicone, mastic",PAGE_LIST,https://www.lamaison.fr/bricolage/consommables-et-accessoires/silicone-mastic.html,8
56,"Pile, chargeur, batterie",PAGE_LIST,https://www.lamaison.fr/bricolage/consommables-et-accessoires/pile-chargeur-batterie.html,8
57,Protection de la personne,PAGE_LIST,https://www.lamaison.fr/bricolage/consommables-et-accessoires/protection-de-la-personne.html,8
9,Droguerie et entretien de la maison,S_CAT,https://www.lamaison.fr/bricolage/droguerie-et-entretien-de-la-maison.html,1
58,Entretien de la maison,PAGE_LIST,https://www.lamaison.fr/bricolage/droguerie-et-entretien-de-la-maison/entretien-de-la-maison.html,9
59,"Gant, lavette, serpillère",PAGE_LIST,https://www.lamaison.fr/bricolage/droguerie-et-entretien-de-la-maison/gant-lavette-serpillere.html,9
60,"Balai, brosse",PAGE_LIST,https://www.lamaison.fr/bricolage/droguerie-et-entretien-de-la-maison/balai-brosse.html,9
61,"Contenant, poubelle",PAGE_LIST,https://www.lamaison.fr/bricolage/droguerie-et-entretien-de-la-maison/contenant-poubelle.html,9
62,Entretien du linge,PAGE_LIST,https://www.lamaison.fr/bricolage/droguerie-et-entretien-de-la-maison/entretien-du-linge.html,9
63,Produit d'antan,PAGE_LIST,https://www.lamaison.fr/bricolage/droguerie-et-entretien-de-la-maison/produit-d-antan.html,9
64,Insecticide,PAGE_LIST,https://www.lamaison.fr/bricolage/droguerie-et-entretien-de-la-maison/insecticide.html,9
65,Produit d'atelier,PAGE_LIST,https://www.lamaison.fr/bricolage/droguerie-et-entretien-de-la-maison/produit-d-atelier.html,9
10,Rangement,S_CAT,https://www.lamaison.fr/bricolage/rangement.html,1
66,Etagère et rack,PAGE_LIST,https://www.lamaison.fr/bricolage/rangement/etagere-et-rack.html,10
67,"Boîte à outils, servante",PAGE_LIST,https://www.lamaison.fr/bricolage/rangement/boite-a-outils-servante.html,10
68,Emballage et protection,PAGE_LIST,https://www.lamaison.fr/bricolage/rangement/emballage-et-protection.html,10
2,Matériaux,CAT,https://www.lamaison.fr/materiaux.html,
11,Gros oeuvre,S_CAT,https://www.lamaison.fr/materiaux/gros-oeuvre.html,2
69,Matériaux gros oeuvre,PAGE_LIST,https://www.lamaison.fr/materiaux/gros-oeuvre/materiaux-gros-oeuvre.html,11
70,Agglo,PAGE_LIST,https://www.lamaison.fr/materiaux/gros-oeuvre/agglo.html,11
71,Poudre et liant,PAGE_LIST,https://www.lamaison.fr/materiaux/gros-oeuvre/poudre-et-liant.html,11
72,"Gravier, sable",PAGE_LIST,https://www.lamaison.fr/materiaux/gros-oeuvre/gravier-sable.html,11
73,Fer à béton,PAGE_LIST,https://www.lamaison.fr/materiaux/gros-oeuvre/fer-a-beton.html,11
74,Fer laminé,PAGE_LIST,https://www.lamaison.fr/materiaux/gros-oeuvre/fer-lamine.html,11
75,"Charpente, couverture, bardage",PAGE_LIST,https://www.lamaison.fr/materiaux/gros-oeuvre/charpente-couverture-bardage.html,11
76,Alimentation eau,PAGE_LIST,https://www.lamaison.fr/materiaux/gros-oeuvre/alimentation-eau.html,11
77,Assainissement et évacuation des eaux,PAGE_LIST,https://www.lamaison.fr/materiaux/gros-oeuvre/assainissement-et-evacuation-des-eaux.html,11
78,Equipement de chantier,PAGE_LIST,https://www.lamaison.fr/materiaux/gros-oeuvre/equipement-de-chantier.html,11
79,Outil du maçon,PAGE_LIST,https://www.lamaison.fr/materiaux/gros-oeuvre/outil-du-macon.html,11
12,Aménagement intérieur,S_CAT,https://www.lamaison.fr/materiaux/amenagement-interieur.html,2
80,"Cloison, plafond",PAGE_LIST,https://www.lamaison.fr/materiaux/amenagement-interieur/cloison-plafond.html,12
81,Panneau de bois,PAGE_LIST,https://www.lamaison.fr/materiaux/amenagement-interieur/panneau-de-bois.html,12
82,Menuiserie intérieure,PAGE_LIST,https://www.lamaison.fr/materiaux/amenagement-interieur/menuiserie-interieure.html,12
83,Isolation,PAGE_LIST,https://www.lamaison.fr/materiaux/amenagement-interieur/isolation.html,12
13,Aménagement extérieur,S_CAT,https://www.lamaison.fr/materiaux/amenagement-exterieur.html,2
84,Terrasse et sol extérieur,PAGE_LIST,https://www.lamaison.fr/materiaux/amenagement-exterieur/terrasse-et-sol-exterieur.html,13
85,Galet décoratif,PAGE_LIST,https://www.lamaison.fr/materiaux/amenagement-exterieur/galet-decoratif.html,13
3,Aménagement intérieur et décoration,CAT,https://www.lamaison.fr/amenagement-interieur-et-decoration.html,
14,"Dressing, rangement",S_CAT,https://www.lamaison.fr/amenagement-interieur-et-decoration/dressing-rangement.html,3
86,Porte de placard,PAGE_LIST,https://www.lamaison.fr/amenagement-interieur-et-decoration/dressing-rangement/porte-de-placard.html,14
87,"Aménagement placard, dressing",PAGE_LIST,https://www.lamaison.fr/amenagement-interieur-et-decoration/dressing-rangement/amenagement-placard-dressing.html,14
88,Meuble de rangement,PAGE_LIST,https://www.lamaison.fr/amenagement-interieur-et-decoration/dressing-rangement/meuble-de-rangement.html,14
89,"Boîte, sac de rangement",PAGE_LIST,https://www.lamaison.fr/amenagement-interieur-et-decoration/dressing-rangement/boite-sac-de-rangement.html,14
15,Salle de bains et cuisine,S_CAT,https://www.lamaison.fr/amenagement-interieur-et-decoration/salle-de-bains-et-cuisine.html,3
90,Meuble salle de bain,PAGE_LIST,https://www.lamaison.fr/amenagement-interieur-et-decoration/salle-de-bains-et-cuisine/meuble-salle-de-bain.html,15
91,"Douche, baignoire",PAGE_LIST,https://www.lamaison.fr/amenagement-interieur-et-decoration/salle-de-bains-et-cuisine/douche-baignoire.html,15
92,"WC, lave-mains, évier",PAGE_LIST,https://www.lamaison.fr/amenagement-interieur-et-decoration/salle-de-bains-et-cuisine/wc-lave-mains-evier.html,15
93,Aménagement salle de bain et WC,PAGE_LIST,https://www.lamaison.fr/amenagement-interieur-et-decoration/salle-de-bains-et-cuisine/amenagement-salle-de-bain-et-wc.html,15
94,Meuble de cuisine,PAGE_LIST,https://www.lamaison.fr/amenagement-interieur-et-decoration/salle-de-bains-et-cuisine/meuble-de-cuisine.html,15
95,Electroménager,PAGE_LIST,https://www.lamaison.fr/amenagement-interieur-et-decoration/salle-de-bains-et-cuisine/electromenager.html,15
16,Décoration intérieure,S_CAT,https://www.lamaison.fr/amenagement-interieur-et-decoration/decoration-interieure.html,3
96,Luminaire,PAGE_LIST,https://www.lamaison.fr/amenagement-interieur-et-decoration/decoration-interieure/luminaire.html,16
97,Ampoule,PAGE_LIST,https://www.lamaison.fr/amenagement-interieur-et-decoration/decoration-interieure/ampoule.html,16
98,"Rideau, store",PAGE_LIST,https://www.lamaison.fr/amenagement-interieur-et-decoration/decoration-interieure/rideau-store.html,16
99,"Coussin, housse",PAGE_LIST,https://www.lamaison.fr/amenagement-interieur-et-decoration/decoration-interieure/coussin-housse.html,16
100,"Nappe, toile cirée, adhésif",PAGE_LIST,https://www.lamaison.fr/amenagement-interieur-et-decoration/decoration-interieure/nappe-toile-ciree-adhesif.html,16
101,"Tapis de sol, paillasson",PAGE_LIST,https://www.lamaison.fr/amenagement-interieur-et-decoration/decoration-interieure/tapis-de-sol-paillasson.html,16
102,Décoration murale,PAGE_LIST,https://www.lamaison.fr/amenagement-interieur-et-decoration/decoration-interieure/decoration-murale.html,16
17,Revêtement sol et mur,S_CAT,https://www.lamaison.fr/amenagement-interieur-et-decoration/revetement-sol-et-mur.html,3
103,"Parquet, stratifié",PAGE_LIST,https://www.lamaison.fr/amenagement-interieur-et-decoration/revetement-sol-et-mur/parquet-stratifie.html,17
104,Sol PVC,PAGE_LIST,https://www.lamaison.fr/amenagement-interieur-et-decoration/revetement-sol-et-mur/sol-pvc.html,17
105,Papier peint,PAGE_LIST,https://www.lamaison.fr/amenagement-interieur-et-decoration/revetement-sol-et-mur/papier-peint.html,17
106,"Lambris, briquette, parement",PAGE_LIST,https://www.lamaison.fr/amenagement-interieur-et-decoration/revetement-sol-et-mur/lambris-briquette-parement.html,17
18,Peinture intérieure et produits de rénovation,S_CAT,https://www.lamaison.fr/amenagement-interieur-et-decoration/peinture-interieure-et-produits-de-renovation.html,3
107,Peinture intérieure,PAGE_LIST,https://www.lamaison.fr/amenagement-interieur-et-decoration/peinture-interieure-et-produits-de-renovation/peinture-interieure.html,18
108,Entretien du bois,PAGE_LIST,https://www.lamaison.fr/amenagement-interieur-et-decoration/peinture-interieure-et-produits-de-renovation/entretien-du-bois.html,18
109,Outils du peintre,PAGE_LIST,https://www.lamaison.fr/amenagement-interieur-et-decoration/peinture-interieure-et-produits-de-renovation/outils-du-peintre.html,18
4,Jardin et aménagement extérieur,CAT,https://www.lamaison.fr/jardin-et-amenagement-exterieur.html,
19,Pépinière,S_CAT,https://www.lamaison.fr/jardin-et-amenagement-exterieur/pepiniere.html,4
110,Arbre et arbuste,PAGE_LIST,https://www.lamaison.fr/jardin-et-amenagement-exterieur/pepiniere/arbre-et-arbuste.html,19
111,Plante de haie,PAGE_LIST,https://www.lamaison.fr/jardin-et-amenagement-exterieur/pepiniere/plante-de-haie.html,19
112,Bambou,PAGE_LIST,https://www.lamaison.fr/jardin-et-amenagement-exterieur/pepiniere/bambou.html,19
113,Plante climat doux,PAGE_LIST,https://www.lamaison.fr/jardin-et-amenagement-exterieur/pepiniere/plante-climat-doux.html,19
114,Plante terre de bruyère,PAGE_LIST,https://www.lamaison.fr/jardin-et-amenagement-exterieur/pepiniere/plante-terre-de-bruyere.html,19
115,Rosier,PAGE_LIST,https://www.lamaison.fr/jardin-et-amenagement-exterieur/pepiniere/rosier.html,19
116,Plante grimpante,PAGE_LIST,https://www.lamaison.fr/jardin-et-amenagement-exterieur/pepiniere/plante-grimpante.html,19
117,Sapin de Noël,PAGE_LIST,https://www.lamaison.fr/jardin-et-amenagement-exterieur/pepiniere/sapin-de-noel.html,19
20,Plante d'extérieur,S_CAT,https://www.lamaison.fr/jardin-et-amenagement-exterieur/plante-d-exterieur.html,4
118,Plante vivace,PAGE_LIST,https://www.lamaison.fr/jardin-et-amenagement-exterieur/plante-d-exterieur/plante-vivace.html,20
119,Plante à massif,PAGE_LIST,https://www.lamaison.fr/jardin-et-amenagement-exterieur/plante-d-exterieur/plante-a-massif.html,20
120,Potée fleurie,PAGE_LIST,https://www.lamaison.fr/jardin-et-amenagement-exterieur/plante-d-exterieur/potee-fleurie.html,20
21,Potager et verger,S_CAT,https://www.lamaison.fr/jardin-et-amenagement-exterieur/potager-et-verger.html,4
121,Plant du potager,PAGE_LIST,https://www.lamaison.fr/jardin-et-amenagement-exterieur/potager-et-verger/plant-du-potager.html,21
122,Plante aromatique,PAGE_LIST,https://www.lamaison.fr/jardin-et-amenagement-exterieur/potager-et-verger/plante-aromatique.html,21
123,Petit fruit,PAGE_LIST,https://www.lamaison.fr/jardin-et-amenagement-exterieur/potager-et-verger/petit-fruit.html,21
124,Arbre fruitier,PAGE_LIST,https://www.lamaison.fr/jardin-et-amenagement-exterieur/potager-et-verger/arbre-fruitier.html,21
22,Semence et bulbe,S_CAT,https://www.lamaison.fr/jardin-et-amenagement-exterieur/semence-et-bulbe.html,4
125,Semence potagère,PAGE_LIST,https://www.lamaison.fr/jardin-et-amenagement-exterieur/semence-et-bulbe/semence-potagere.html,22
126,Semence fleur,PAGE_LIST,https://www.lamaison.fr/jardin-et-amenagement-exterieur/semence-et-bulbe/semence-fleur.html,22
127,Semence gazon,PAGE_LIST,https://www.lamaison.fr/jardin-et-amenagement-exterieur/semence-et-bulbe/semence-gazon.html,22
128,Semence fourragère et améliorant du sol,PAGE_LIST,https://www.lamaison.fr/jardin-et-amenagement-exterieur/semence-et-bulbe/semence-fourragere-et-ameliorant-du-sol.html,22
129,Bulbe à fleur,PAGE_LIST,https://www.lamaison.fr/jardin-et-amenagement-exterieur/semence-et-bulbe/bulbe-a-fleur.html,22
130,Pomme de terre et bulbe potager,PAGE_LIST,https://www.lamaison.fr/jardin-et-amenagement-exterieur/semence-et-bulbe/pomme-de-terre-et-bulbe-potager.html,22
23,Pot et contenant extérieur,S_CAT,https://www.lamaison.fr/jardin-et-amenagement-exterieur/pot-et-contenant-exterieur.html,4
131,Bac à fleurs,PAGE_LIST,https://www.lamaison.fr/jardin-et-amenagement-exterieur/pot-et-contenant-exterieur/bac-a-fleurs.html,23
132,Pot et jardinière plastique,PAGE_LIST,https://www.lamaison.fr/jardin-et-amenagement-exterieur/pot-et-contenant-exterieur/pot-et-jardiniere-plastique.html,23
133,Poterie et terre cuite,PAGE_LIST,https://www.lamaison.fr/jardin-et-amenagement-exterieur/pot-et-contenant-exterieur/poterie-et-terre-cuite.html,23
134,Poterie émaillée,PAGE_LIST,https://www.lamaison.fr/jardin-et-amenagement-exterieur/pot-et-contenant-exterieur/poterie-emaillee.html,23
135,Contenant à réserve d'eau,PAGE_LIST,https://www.lamaison.fr/jardin-et-amenagement-exterieur/pot-et-contenant-exterieur/contenant-a-reserve-d-eau.html,23
136,"Carré potager, table de culture",PAGE_LIST,https://www.lamaison.fr/jardin-et-amenagement-exterieur/pot-et-contenant-exterieur/carre-potager-table-de-culture.html,23
24,Produit de soin et entretien,S_CAT,https://www.lamaison.fr/jardin-et-amenagement-exterieur/produit-de-soin-et-entretien.html,4
137,Engrais,PAGE_LIST,https://www.lamaison.fr/jardin-et-amenagement-exterieur/produit-de-soin-et-entretien/engrais.html,24
138,Amendement et terreau,PAGE_LIST,https://www.lamaison.fr/jardin-et-amenagement-exterieur/produit-de-soin-et-entretien/amendement-et-terreau.html,24
139,Paillage,PAGE_LIST,https://www.lamaison.fr/jardin-et-amenagement-exterieur/produit-de-soin-et-entretien/paillage.html,24
140,Désherbant,PAGE_LIST,https://www.lamaison.fr/jardin-et-amenagement-exterieur/produit-de-soin-et-entretien/desherbant.html,24
141,Soin et traitement,PAGE_LIST,https://www.lamaison.fr/jardin-et-amenagement-exterieur/produit-de-soin-et-entretien/soin-et-traitement.html,24
142,Anti-nuisible,PAGE_LIST,https://www.lamaison.fr/jardin-et-amenagement-exterieur/produit-de-soin-et-entretien/anti-nuisible.html,24
25,Equipement du jardin,S_CAT,https://www.lamaison.fr/jardin-et-amenagement-exterieur/equipement-du-jardin.html,4
143,Pompe,PAGE_LIST,https://www.lamaison.fr/jardin-et-amenagement-exterieur/equipement-du-jardin/pompe.html,25
144,Arrosage,PAGE_LIST,https://www.lamaison.fr/jardin-et-amenagement-exterieur/equipement-du-jardin/arrosage.html,25
145,Récupérateur d'eau,PAGE_LIST,https://www.lamaison.fr/jardin-et-amenagement-exterieur/equipement-du-jardin/recuperateur-d-eau.html,25
146,"Pulvérisation, accessoires",PAGE_LIST,https://www.lamaison.fr/jardin-et-amenagement-exterieur/equipement-du-jardin/pulverisation-accessoires.html,25
147,Accessoires semis,PAGE_LIST,https://www.lamaison.fr/jardin-et-amenagement-exterieur/equipement-du-jardin/accessoires-semis.html,25
148,Composteur,PAGE_LIST,https://www.lamaison.fr/jardin-et-amenagement-exterieur/equipement-du-jardin/composteur.html,25
149,"Serre, film",PAGE_LIST,https://www.lamaison.fr/jardin-et-amenagement-exterieur/equipement-du-jardin/serre-film.html,25
150,Panier de récolte,PAGE_LIST,https://www.lamaison.fr/jardin-et-amenagement-exterieur/equipement-du-jardin/panier-de-recolte.html,25
151,"Brouette, chariot",PAGE_LIST,https://www.lamaison.fr/jardin-et-amenagement-exterieur/equipement-du-jardin/brouette-chariot.html,25
152,Outils à main du jardinier,PAGE_LIST,https://www.lamaison.fr/jardin-et-amenagement-exterieur/equipement-du-jardin/outils-a-main-du-jardinier.html,25
26,Motoculture,S_CAT,https://www.lamaison.fr/jardin-et-amenagement-exterieur/motoculture.html,4
153,"Motoculteur, motobineuse, tarière",PAGE_LIST,https://www.lamaison.fr/jardin-et-amenagement-exterieur/motoculture/motoculteur-motobineuse-tariere.html,26
154,Scarificateur,PAGE_LIST,https://www.lamaison.fr/jardin-et-amenagement-exterieur/motoculture/scarificateur.html,26
155,"Tondeuse, autoportée, robot de tonte",PAGE_LIST,https://www.lamaison.fr/jardin-et-amenagement-exterieur/motoculture/tondeuse-autoportee-robot-de-tonte.html,26
156,Coupe bordure,PAGE_LIST,https://www.lamaison.fr/jardin-et-amenagement-exterieur/motoculture/coupe-bordure.html,26
157,Taille-haie,PAGE_LIST,https://www.lamaison.fr/jardin-et-amenagement-exterieur/motoculture/taille-haie.html,26
158,Débroussailleuse,PAGE_LIST,https://www.lamaison.fr/jardin-et-amenagement-exterieur/motoculture/debroussailleuse.html,26
159,"Aspirateur, souffleur",PAGE_LIST,https://www.lamaison.fr/jardin-et-amenagement-exterieur/motoculture/aspirateur-souffleur.html,26
160,"Tronçonneuse, élagueuse",PAGE_LIST,https://www.lamaison.fr/jardin-et-amenagement-exterieur/motoculture/tronconneuse-elagueuse.html,26
161,Broyeur,PAGE_LIST,https://www.lamaison.fr/jardin-et-amenagement-exterieur/motoculture/broyeur.html,26
162,"Fendeuse à bois, scie à bûche",PAGE_LIST,https://www.lamaison.fr/jardin-et-amenagement-exterieur/motoculture/fendeuse-a-bois-scie-a-buche.html,26
163,"Huile, consommable et pièce détachée",PAGE_LIST,https://www.lamaison.fr/jardin-et-amenagement-exterieur/motoculture/huile-consommable-et-piece-detachee.html,26
27,Aménagement extérieur,S_CAT,https://www.lamaison.fr/jardin-et-amenagement-exterieur/amenagement-exterieur.html,4
164,"Abri, carport",PAGE_LIST,https://www.lamaison.fr/jardin-et-amenagement-exterieur/amenagement-exterieur/abri-carport.html,27
165,"Clôture, grillage, occultation",PAGE_LIST,https://www.lamaison.fr/jardin-et-amenagement-exterieur/amenagement-exterieur/cloture-grillage-occultation.html,27
166,"Portail, portillon",PAGE_LIST,https://www.lamaison.fr/jardin-et-amenagement-exterieur/amenagement-exterieur/portail-portillon.html,27
167,Terrasse et sol extérieur,PAGE_LIST,https://www.lamaison.fr/jardin-et-amenagement-exterieur/amenagement-exterieur/terrasse-et-sol-exterieur.html,27
168,Eclairage,PAGE_LIST,https://www.lamaison.fr/jardin-et-amenagement-exterieur/amenagement-exterieur/eclairage.html,27
169,"Chauffage, brumisation",PAGE_LIST,https://www.lamaison.fr/jardin-et-amenagement-exterieur/amenagement-exterieur/chauffage-brumisation.html,27
28,Plein air,S_CAT,https://www.lamaison.fr/jardin-et-amenagement-exterieur/plein-air.html,4
170,Mobilier de jardin,PAGE_LIST,https://www.lamaison.fr/jardin-et-amenagement-exterieur/plein-air/mobilier-de-jardin.html,28
171,Barbecue,PAGE_LIST,https://www.lamaison.fr/jardin-et-amenagement-exterieur/plein-air/barbecue.html,28
172,Plancha,PAGE_LIST,https://www.lamaison.fr/jardin-et-amenagement-exterieur/plein-air/plancha.html,28
173,Accessoires et housse,PAGE_LIST,https://www.lamaison.fr/jardin-et-amenagement-exterieur/plein-air/accessoires-et-housse.html,28
174,"Combustible, allume feu",PAGE_LIST,https://www.lamaison.fr/jardin-et-amenagement-exterieur/plein-air/combustible-allume-feu.html,28
175,"Piscine, spa",PAGE_LIST,https://www.lamaison.fr/jardin-et-amenagement-exterieur/plein-air/piscine-spa.html,28
176,Jeu plein air,PAGE_LIST,https://www.lamaison.fr/jardin-et-amenagement-exterieur/plein-air/jeu-plein-air.html,28
29,Décoration extérieure,S_CAT,https://www.lamaison.fr/jardin-et-amenagement-exterieur/decoration-exterieure.html,4
177,Décoration du jardin,PAGE_LIST,https://www.lamaison.fr/jardin-et-amenagement-exterieur/decoration-exterieure/decoration-du-jardin.html,29
178,Bassin,PAGE_LIST,https://www.lamaison.fr/jardin-et-amenagement-exterieur/decoration-exterieure/bassin.html,29
179,Galet décoratif,PAGE_LIST,https://www.lamaison.fr/jardin-et-amenagement-exterieur/decoration-exterieure/galet-decoratif.html,29
5,Animalerie,CAT,https://www.lamaison.fr/animalerie.html,
30,Chien,S_CAT,https://www.lamaison.fr/animalerie/chien.html,5
180,Alimentation,PAGE_LIST,https://www.lamaison.fr/animalerie/chien/alimentation.html,30
181,Friandise,PAGE_LIST,https://www.lamaison.fr/animalerie/chien/friandise.html,30
182,"Gamelle, distributeur",PAGE_LIST,https://www.lamaison.fr/animalerie/chien/gamelle-distributeur.html,30
183,Hygiène et soin,PAGE_LIST,https://www.lamaison.fr/animalerie/chien/hygiene-et-soin.html,30
184,Equipement de toilettage,PAGE_LIST,https://www.lamaison.fr/animalerie/chien/equipement-de-toilettage.html,30
185,Aide à l'éducation,PAGE_LIST,https://www.lamaison.fr/animalerie/chien/aide-a-l-education.html,30
186,Jouet et sport,PAGE_LIST,https://www.lamaison.fr/animalerie/chien/jouet-et-sport.html,30
187,Couchage,PAGE_LIST,https://www.lamaison.fr/animalerie/chien/couchage.html,30
188,Transport,PAGE_LIST,https://www.lamaison.fr/animalerie/chien/transport.html,30
189,Habitat,PAGE_LIST,https://www.lamaison.fr/animalerie/chien/habitat.html,30
190,"Sellerie, vêtement",PAGE_LIST,https://www.lamaison.fr/animalerie/chien/sellerie-vetement.html,30
31,Chat,S_CAT,https://www.lamaison.fr/animalerie/chat.html,5
191,Alimentation,PAGE_LIST,https://www.lamaison.fr/animalerie/chat/alimentation.html,31
192,Friandise,PAGE_LIST,https://www.lamaison.fr/animalerie/chat/friandise.html,31
193,"Gamelle, distributeur",PAGE_LIST,https://www.lamaison.fr/animalerie/chat/gamelle-distributeur.html,31
194,"Litière, accessoires",PAGE_LIST,https://www.lamaison.fr/animalerie/chat/litiere-accessoires.html,31
195,Hygiène et soin,PAGE_LIST,https://www.lamaison.fr/animalerie/chat/hygiene-et-soin.html,31
196,"Jouet, griffoir, arbre à chat",PAGE_LIST,https://www.lamaison.fr/animalerie/chat/jouet-griffoir-arbre-a-chat.html,31
197,Couchage,PAGE_LIST,https://www.lamaison.fr/animalerie/chat/couchage.html,31
198,Transport et chatière,PAGE_LIST,https://www.lamaison.fr/animalerie/chat/transport-et-chatiere.html,31
199,Sellerie,PAGE_LIST,https://www.lamaison.fr/animalerie/chat/sellerie.html,31
32,Oiseau de la nature,S_CAT,https://www.lamaison.fr/animalerie/oiseau-de-la-nature.html,5
200,Alimentation,PAGE_LIST,https://www.lamaison.fr/animalerie/oiseau-de-la-nature/alimentation.html,32
201,"Habitat, accessoires",PAGE_LIST,https://www.lamaison.fr/animalerie/oiseau-de-la-nature/habitat-accessoires.html,32
33,Oiseau,S_CAT,https://www.lamaison.fr/animalerie/oiseau.html,5
202,Alimentation,PAGE_LIST,https://www.lamaison.fr/animalerie/oiseau/alimentation.html,33
203,Friandise,PAGE_LIST,https://www.lamaison.fr/animalerie/oiseau/friandise.html,33
204,Hygiène et soin,PAGE_LIST,https://www.lamaison.fr/animalerie/oiseau/hygiene-et-soin.html,33
205,"Habitat, transport",PAGE_LIST,https://www.lamaison.fr/animalerie/oiseau/habitat-transport.html,33
206,Jouet,PAGE_LIST,https://www.lamaison.fr/animalerie/oiseau/jouet.html,33
34,Rongeur,S_CAT,https://www.lamaison.fr/animalerie/rongeur.html,5
207,Alimentation,PAGE_LIST,https://www.lamaison.fr/animalerie/rongeur/alimentation.html,34
208,Friandise,PAGE_LIST,https://www.lamaison.fr/animalerie/rongeur/friandise.html,34
209,Hygiène et soin,PAGE_LIST,https://www.lamaison.fr/animalerie/rongeur/hygiene-et-soin.html,34
210,"Cage, accessoires",PAGE_LIST,https://www.lamaison.fr/animalerie/rongeur/cage-accessoires.html,34
35,Poisson,S_CAT,https://www.lamaison.fr/animalerie/poisson.html,5
211,Alimentation,PAGE_LIST,https://www.lamaison.fr/animalerie/poisson/alimentation.html,35
212,Aquarium et meuble,PAGE_LIST,https://www.lamaison.fr/animalerie/poisson/aquarium-et-meuble.html,35
213,"Filtre, chauffage et éclairage",PAGE_LIST,https://www.lamaison.fr/animalerie/poisson/filtre-chauffage-et-eclairage.html,35
214,Traitement de l'eau,PAGE_LIST,https://www.lamaison.fr/animalerie/poisson/traitement-de-l-eau.html,35
215,Hygiène et soin,PAGE_LIST,https://www.lamaison.fr/animalerie/poisson/hygiene-et-soin.html,35
216,"Décoration, accessoires",PAGE_LIST,https://www.lamaison.fr/animalerie/poisson/decoration-accessoires.html,35
36,Reptile et amphibien,S_CAT,https://www.lamaison.fr/animalerie/reptile-et-amphibien.html,5
217,Alimentation,PAGE_LIST,https://www.lamaison.fr/animalerie/reptile-et-amphibien/alimentation.html,36
218,Hygiène et soin,PAGE_LIST,https://www.lamaison.fr/animalerie/reptile-et-amphibien/hygiene-et-soin.html,36
219,Terrarium,PAGE_LIST,https://www.lamaison.fr/animalerie/reptile-et-amphibien/terrarium.html,36
220,Aménagement de l'habitat et décoration,PAGE_LIST,https://www.lamaison.fr/animalerie/reptile-et-amphibien/amenagement-de-l-habitat-et-decoration.html,36
37,"Basse-cour, mouton, chèvre",S_CAT,https://www.lamaison.fr/animalerie/basse-cour-mouton-chevre.html,5
221,Alimentation,PAGE_LIST,https://www.lamaison.fr/animalerie/basse-cour-mouton-chevre/alimentation.html,37
222,"Complément alimentaire, friandise",PAGE_LIST,https://www.lamaison.fr/animalerie/basse-cour-mouton-chevre/complement-alimentaire-friandise.html,37
223,Hygiène et soin,PAGE_LIST,https://www.lamaison.fr/animalerie/basse-cour-mouton-chevre/hygiene-et-soin.html,37
224,Habitat et transport,PAGE_LIST,https://www.lamaison.fr/animalerie/basse-cour-mouton-chevre/habitat-et-transport.html,37
225,Couveuse,PAGE_LIST,https://www.lamaison.fr/animalerie/basse-cour-mouton-chevre/couveuse.html,37
226,"Mangeoire, abreuvoir",PAGE_LIST,https://www.lamaison.fr/animalerie/basse-cour-mouton-chevre/mangeoire-abreuvoir.html,37
227,Marquage et identification,PAGE_LIST,https://www.lamaison.fr/animalerie/basse-cour-mouton-chevre/marquage-et-identification.html,37
228,Plumage,PAGE_LIST,https://www.lamaison.fr/animalerie/basse-cour-mouton-chevre/plumage.html,37
229,"Grillage, clôture",PAGE_LIST,https://www.lamaison.fr/animalerie/basse-cour-mouton-chevre/grillage-cloture.html,37
6,Activités de loisir,CAT,https://www.lamaison.fr/activites-de-loisir.html,
38,Equitation,S_CAT,https://www.lamaison.fr/activites-de-loisir/equitation.html,6
230,Alimentation équidés,PAGE_LIST,https://www.lamaison.fr/activites-de-loisir/equitation/alimentation-equides.html,38
231,"Pansage, soin du cheval",PAGE_LIST,https://www.lamaison.fr/activites-de-loisir/equitation/pansage-soin-du-cheval.html,38
232,Equipement du cavalier,PAGE_LIST,https://www.lamaison.fr/activites-de-loisir/equitation/equipement-du-cavalier.html,38
233,Equipement du cheval,PAGE_LIST,https://www.lamaison.fr/activites-de-loisir/equitation/equipement-du-cheval.html,38
234,Equipement de la carrière,PAGE_LIST,https://www.lamaison.fr/activites-de-loisir/equitation/equipement-de-la-carriere.html,38
235,Matériel d'écurie,PAGE_LIST,https://www.lamaison.fr/activites-de-loisir/equitation/materiel-d-ecurie.html,38
236,Matériel de prairie,PAGE_LIST,https://www.lamaison.fr/activites-de-loisir/equitation/materiel-de-prairie.html,38
237,Clôture,PAGE_LIST,https://www.lamaison.fr/activites-de-loisir/equitation/cloture.html,38
39,Apiculture,S_CAT,https://www.lamaison.fr/activites-de-loisir/apiculture.html,6
238,Ruche et élément,PAGE_LIST,https://www.lamaison.fr/activites-de-loisir/apiculture/ruche-et-element.html,39
239,Equipement au rucher,PAGE_LIST,https://www.lamaison.fr/activites-de-loisir/apiculture/equipement-au-rucher.html,39
240,Cire d'abeille,PAGE_LIST,https://www.lamaison.fr/activites-de-loisir/apiculture/cire-d-abeille.html,39
241,Miellerie,PAGE_LIST,https://www.lamaison.fr/activites-de-loisir/apiculture/miellerie.html,39
242,Conditionnement et emballage,PAGE_LIST,https://www.lamaison.fr/activites-de-loisir/apiculture/conditionnement-et-emballage.html,39
243,Vêtement de l'apiculteur,PAGE_LIST,https://www.lamaison.fr/activites-de-loisir/apiculture/vetement-de-l-apiculteur.html,39
40,Chasse et pêche,S_CAT,https://www.lamaison.fr/activites-de-loisir/chasse-et-peche.html,6
244,Equipement du chasseur,PAGE_LIST,https://www.lamaison.fr/activites-de-loisir/chasse-et-peche/equipement-du-chasseur.html,40
245,Pêche à pied,PAGE_LIST,https://www.lamaison.fr/activites-de-loisir/chasse-et-peche/peche-a-pied.html,40
246,Pêche en mer,PAGE_LIST,https://www.lamaison.fr/activites-de-loisir/chasse-et-peche/peche-en-mer.html,40
247,Pêche en eau douce,PAGE_LIST,https://www.lamaison.fr/activites-de-loisir/chasse-et-peche/peche-en-eau-douce.html,40
248,Equipement du pêcheur,PAGE_LIST,https://www.lamaison.fr/activites-de-loisir/chasse-et-peche/equipement-du-pecheur.html,40
41,Outdoor,S_CAT,https://www.lamaison.fr/activites-de-loisir/outdoor.html,6
249,Météorologie,PAGE_LIST,https://www.lamaison.fr/activites-de-loisir/outdoor/meteorologie.html,41
250,"Observation, orientation",PAGE_LIST,https://www.lamaison.fr/activites-de-loisir/outdoor/observation-orientation.html,41
251,"Bivouac, pique-nique",PAGE_LIST,https://www.lamaison.fr/activites-de-loisir/outdoor/bivouac-pique-nique.html,41
252,Coutellerie,PAGE_LIST,https://www.lamaison.fr/activites-de-loisir/outdoor/coutellerie.html,41
42,Jouet et jeu,S_CAT,https://www.lamaison.fr/activites-de-loisir/jouet-et-jeu.html,6
253,Jouet miniature,PAGE_LIST,https://www.lamaison.fr/activites-de-loisir/jouet-et-jeu/jouet-miniature.html,42
254,Jouet à pédale,PAGE_LIST,https://www.lamaison.fr/activites-de-loisir/jouet-et-jeu/jouet-a-pedale.html,42
255,Jeu plein air,PAGE_LIST,https://www.lamaison.fr/activites-de-loisir/jouet-et-jeu/jeu-plein-air.html,42
256,Jeu de société,PAGE_LIST,https://www.lamaison.fr/activites-de-loisir/jouet-et-jeu/jeu-de-societe.html,42
7,Habillement et protection,CAT,https://www.lamaison.fr/habillement-et-protection.html,
43,Vêtement,S_CAT,https://www.lamaison.fr/habillement-et-protection/vetement.html,7
257,Vêtement de travail,PAGE_LIST,https://www.lamaison.fr/habillement-et-protection/vetement/vetement-de-travail.html,43
258,Vêtements de pluie,PAGE_LIST,https://www.lamaison.fr/habillement-et-protection/vetement/vetements-de-pluie.html,43
259,EPI équipement de protection,PAGE_LIST,https://www.lamaison.fr/habillement-et-protection/vetement/epi-equipement-de-protection.html,43
260,Gant,PAGE_LIST,https://www.lamaison.fr/habillement-et-protection/vetement/gant.html,43
261,"Bonnet, casquette, chapeau",PAGE_LIST,https://www.lamaison.fr/habillement-et-protection/vetement/bonnet-casquette-chapeau.html,43
44,Chaussant,S_CAT,https://www.lamaison.fr/habillement-et-protection/chaussant.html,7
262,Chaussette,PAGE_LIST,https://www.lamaison.fr/habillement-et-protection/chaussant/chaussette.html,44
263,Chaussure,PAGE_LIST,https://www.lamaison.fr/habillement-et-protection/chaussant/chaussure.html,44
264,Botte,PAGE_LIST,https://www.lamaison.fr/habillement-et-protection/chaussant/botte.html,44
265,Cordonnerie,PAGE_LIST,https://www.lamaison.fr/habillement-et-protection/chaussant/cordonnerie.html,44
266,"Sabot, pantoufle",PAGE_LIST,https://www.lamaison.fr/habillement-et-protection/chaussant/sabot-pantoufle.html,44
8,Cuisine et cave,CAT,https://www.lamaison.fr/cuisine-et-cave.html,
45,Cuisine et épicerie,S_CAT,https://www.lamaison.fr/cuisine-et-cave/cuisine-et-epicerie.html,8
267,Cuisson,PAGE_LIST,https://www.lamaison.fr/cuisine-et-cave/cuisine-et-epicerie/cuisson.html,45
268,"Préparation culinaire, ustensile",PAGE_LIST,https://www.lamaison.fr/cuisine-et-cave/cuisine-et-epicerie/preparation-culinaire-ustensile.html,45
269,"Epicerie, confiserie",PAGE_LIST,https://www.lamaison.fr/cuisine-et-cave/cuisine-et-epicerie/epicerie-confiserie.html,45
46,Conservation,S_CAT,https://www.lamaison.fr/cuisine-et-cave/conservation.html,8
270,"Bocal, boîte, terrine",PAGE_LIST,https://www.lamaison.fr/cuisine-et-cave/conservation/bocal-boite-terrine.html,46
271,"Stérilisation, conservation",PAGE_LIST,https://www.lamaison.fr/cuisine-et-cave/conservation/sterilisation-conservation.html,46
272,Emballage alimentaire,PAGE_LIST,https://www.lamaison.fr/cuisine-et-cave/conservation/emballage-alimentaire.html,46
47,Cave et mise en bouteille,S_CAT,https://www.lamaison.fr/cuisine-et-cave/cave-et-mise-en-bouteille.html,8
273,Cave,PAGE_LIST,https://www.lamaison.fr/cuisine-et-cave/cave-et-mise-en-bouteille/cave.html,47
274,Mise en bouteille,PAGE_LIST,https://www.lamaison.fr/cuisine-et-cave/cave-et-mise-en-bouteille/mise-en-bouteille.html,47
9,Boutique décoration et cadeau,CAT,https://www.lamaison.fr/boutique-decoration-et-cadeau.html,
48,Boutique cadeau,S_CAT,https://www.lamaison.fr/boutique-decoration-et-cadeau/boutique-cadeau.html,9
275,Objet de décoration à poser,PAGE_LIST,https://www.lamaison.fr/boutique-decoration-et-cadeau/boutique-cadeau/objet-de-decoration-a-poser.html,48
276,Décoration murale,PAGE_LIST,https://www.lamaison.fr/boutique-decoration-et-cadeau/boutique-cadeau/decoration-murale.html,48
277,Décoration florale,PAGE_LIST,https://www.lamaison.fr/boutique-decoration-et-cadeau/boutique-cadeau/decoration-florale.html,48
278,"Coussin, plaid",PAGE_LIST,https://www.lamaison.fr/boutique-decoration-et-cadeau/boutique-cadeau/coussin-plaid.html,48
279,Mobilier,PAGE_LIST,https://www.lamaison.fr/boutique-decoration-et-cadeau/boutique-cadeau/mobilier.html,48
280,"Bougie, senteur",PAGE_LIST,https://www.lamaison.fr/boutique-decoration-et-cadeau/boutique-cadeau/bougie-senteur.html,48
281,Bien-être,PAGE_LIST,https://www.lamaison.fr/boutique-decoration-et-cadeau/boutique-cadeau/bien-etre.html,48
282,Décoration de Noël,PAGE_LIST,https://www.lamaison.fr/boutique-decoration-et-cadeau/boutique-cadeau/decoration-de-noel.html,48
49,Plante d'intérieur,S_CAT,https://www.lamaison.fr/boutique-decoration-et-cadeau/plante-d-interieur.html,9
283,Plante verte,PAGE_LIST,https://www.lamaison.fr/boutique-decoration-et-cadeau/plante-d-interieur/plante-verte.html,49
284,Terrarium,PAGE_LIST,https://www.lamaison.fr/boutique-decoration-et-cadeau/plante-d-interieur/terrarium.html,49
285,"Fleur séchée, stabilisée",PAGE_LIST,https://www.lamaison.fr/boutique-decoration-et-cadeau/plante-d-interieur/fleur-sechee-stabilisee.html,49
286,Plante artificielle décoration,PAGE_LIST,https://www.lamaison.fr/boutique-decoration-et-cadeau/plante-d-interieur/plante-artificielle-decoration.html,49
50,Pot et contenant intérieur,S_CAT,https://www.lamaison.fr/boutique-decoration-et-cadeau/pot-et-contenant-interieur.html,9
287,"Pot, cache pot",PAGE_LIST,https://www.lamaison.fr/boutique-decoration-et-cadeau/pot-et-contenant-interieur/pot-cache-pot.html,50
288,Contenant à réserve d'eau,PAGE_LIST,https://www.lamaison.fr/boutique-decoration-et-cadeau/pot-et-contenant-interieur/contenant-a-reserve-d-eau.html,50
289,Accessoires,PAGE_LIST,https://www.lamaison.fr/boutique-decoration-et-cadeau/pot-et-contenant-interieur/accessoires.html,50
290,"Vase, pot",PAGE_LIST,https://www.lamaison.fr/boutique-decoration-et-cadeau/pot-et-contenant-interieur/vase-pot.html,50
291,"Support contenant, accessoires",PAGE_LIST,https://www.lamaison.fr/boutique-decoration-et-cadeau/pot-et-contenant-interieur/support-contenant-accessoires.html,50
51,Librairie et multimédia,S_CAT,https://www.lamaison.fr/boutique-decoration-et-cadeau/librairie-et-multimedia.html,9
292,Livre,PAGE_LIST,https://www.lamaison.fr/boutique-decoration-et-cadeau/librairie-et-multimedia/livre.html,51
293,Calendrier,PAGE_LIST,https://www.lamaison.fr/boutique-decoration-et-cadeau/librairie-et-multimedia/calendrier.html,51
52,Papeterie et beaux arts,S_CAT,https://www.lamaison.fr/boutique-decoration-et-cadeau/papeterie-et-beaux-arts.html,9
294,"Papeterie, beaux arts",PAGE_LIST,https://www.lamaison.fr/boutique-decoration-et-cadeau/papeterie-et-beaux-arts/papeterie-beaux-arts.html,52
10,Accessoires Auto et vélo,CAT,https://www.lamaison.fr/accessoires-auto-et-velo.html,
53,Auto,S_CAT,https://www.lamaison.fr/accessoires-auto-et-velo/auto.html,10
295,Batterie,PAGE_LIST,https://www.lamaison.fr/accessoires-auto-et-velo/auto/batterie.html,53
296,"Huile, filtration",PAGE_LIST,https://www.lamaison.fr/accessoires-auto-et-velo/auto/huile-filtration.html,53
297,Pneu,PAGE_LIST,https://www.lamaison.fr/accessoires-auto-et-velo/auto/pneu.html,53
298,Remorque,PAGE_LIST,https://www.lamaison.fr/accessoires-auto-et-velo/auto/remorque.html,53
299,"Signalisation, éclairage",PAGE_LIST,https://www.lamaison.fr/accessoires-auto-et-velo/auto/signalisation-eclairage.html,53
300,Entretien,PAGE_LIST,https://www.lamaison.fr/accessoires-auto-et-velo/auto/entretien.html,53
301,Equipement habitacle,PAGE_LIST,https://www.lamaison.fr/accessoires-auto-et-velo/auto/equipement-habitacle.html,53
302,Outillage du mécanicien,PAGE_LIST,https://www.lamaison.fr/accessoires-auto-et-velo/auto/outillage-du-mecanicien.html,53
54,Vélo,S_CAT,https://www.lamaison.fr/accessoires-auto-et-velo/velo.html,10
303,"Pneu, chambre à air",PAGE_LIST,https://www.lamaison.fr/accessoires-auto-et-velo/velo/pneu-chambre-a-air.html,54
304,"Entretien, réparation",PAGE_LIST,https://www.lamaison.fr/accessoires-auto-et-velo/velo/entretien-reparation.html,54
305,Equipement du vélo,PAGE_LIST,https://www.lamaison.fr/accessoires-auto-et-velo/velo/equipement-du-velo.html,54
306,Accessoire du cycliste,PAGE_LIST,https://www.lamaison.fr/accessoires-auto-et-velo/velo/accessoire-du-cycliste.html,54
11,Chalet,CAT,https://www.lamaison.fr/chalet-3.html,
55,Sélection cadeaux,S_CAT,https://www.lamaison.fr/chalet/selection-cadeaux-3.html,11
307,Idées cadeaux,PAGE_LIST,https://www.lamaison.fr/chalet/selection-cadeaux/idees-cadeaux-3.html,55
308,Culinaire,PAGE_LIST,https://www.lamaison.fr/chalet/selection-cadeaux/culinaire-3.html,55
309,Electroportatif,PAGE_LIST,https://www.lamaison.fr/chalet/selection-cadeaux/electroportatif-3.html,55
310,Jouets,PAGE_LIST,https://www.lamaison.fr/chalet/selection-cadeaux/jouets-3.html,55
311,Les Bonnes affair€s,,https://www.lamaison.fr/les-bonnes-affaires.html,
